{"cameraMode":{"drawMode":0,"name":"Shaded","section":"Shading Mode"},"sceneLighting":false,"audioPlay":false,"sceneViewState":{"m_AlwaysRefresh":false,"showFog":true,"showSkybox":false,"showFlares":true,"showImageEffects":true,"showParticleSystems":true,"showVisualEffectGraphs":true,"m_FxEnabled":true},"in2DMode":false,"pivot":{"x":0.08946472406387329,"y":2.32896089553833,"z":1.4716936349868775},"rotation":{"x":-0.22569216787815095,"y":-0.2035713791847229,"z":0.04801451414823532,"w":-0.9515963196754456},"size":12.867718696594239,"orthographic":false}