{"cameraMode":{"drawMode":0,"name":"Shaded","section":"Shading Mode"},"sceneLighting":true,"audioPlay":false,"sceneViewState":{"m_AlwaysRefresh":false,"showFog":true,"showSkybox":true,"showFlares":true,"showImageEffects":true,"showParticleSystems":true,"showVisualEffectGraphs":true,"m_FxEnabled":true},"in2DMode":false,"pivot":{"x":-12.857383728027344,"y":7.0467987060546879,"z":15.931757926940918},"rotation":{"x":-0.18831852078437806,"y":0.5953598022460938,"z":-0.14654727280139924,"w":-0.767370879650116},"size":20.861902236938478,"orthographic":false}