{"cameraMode":{"drawMode":0,"name":"Shaded","section":"Shading Mode"},"sceneLighting":false,"audioPlay":false,"sceneViewState":{"m_AlwaysRefresh":false,"showFog":true,"showSkybox":false,"showFlares":true,"showImageEffects":true,"showParticleSystems":true,"showVisualEffectGraphs":true,"m_FxEnabled":true},"in2DMode":false,"pivot":{"x":15.014554977416993,"y":11.506457328796387,"z":-15.701347351074219},"rotation":{"x":-0.25050708651542666,"y":0.44720572233200076,"z":-0.1320565938949585,"w":-0.8484184741973877},"size":3.9757559299468996,"orthographic":false}