{"cameraMode":{"drawMode":0,"name":"Shaded","section":"Shading Mode"},"sceneLighting":false,"audioPlay":false,"sceneViewState":{"m_AlwaysRefresh":false,"showFog":true,"showSkybox":false,"showFlares":true,"showImageEffects":true,"showParticleSystems":true,"showVisualEffectGraphs":true,"m_FxEnabled":true},"in2DMode":false,"pivot":{"x":2.0061213970184328,"y":0.13994558155536652,"z":0.005697887856513262},"rotation":{"x":0.2962549328804016,"y":-0.6825851798057556,"z":0.3594818413257599,"w":0.5632733106613159},"size":2.5160510540008547,"orthographic":false}